Page,Target Link,Language,Link Found,Anchor Text,Status Code,Matches,Error
https://www.cloudbet.com/en/casino/live/baccarat,/casino,en,True,Casino,200,/en/casino,
https://www.cloudbet.com/en/casino/live/baccarat,/casino,en,True,Casino,200,/en/casino,
https://www.cloudbet.com/es/casino/live/baccarat,/casino,es,True,Casino,200,/es/casino,
https://www.cloudbet.com/de/casino/live/baccarat,/casino,de,True,Casino,200,/de/casino,
https://www.cloudbet.com/it/casino/live/baccarat,/casino,it,True,Casinò,200,/it/casino,
https://www.cloudbet.com/fr/casino/live/baccarat,/casino,fr,True,Casino,200,/fr/casino,
https://www.cloudbet.com/sv/casino/live/baccarat,/casino,sv,True,Casino,200,/sv/casino,
https://www.cloudbet.com/hu/casino/live/baccarat,/casino,hu,True,Kaszinó,200,/hu/casino,
https://www.cloudbet.com/tr/casino/live/baccarat,/casino,tr,True,Casino,200,/tr/casino,
https://www.cloudbet.com/pl/casino/live/baccarat,/casino,pl,True,Kasyno,200,/pl/casino,
https://www.cloudbet.com/pt-br/casino/live/baccarat,/casino,pt-br,True,Cassino,200,/pt-br/casino,
https://www.cloudbet.com/ru/casino/live/baccarat,/casino,ru,True,Казино,200,/ru/casino,
https://www.cloudbet.com/ro/casino/live/baccarat,/casino,ro,True,Cazino,200,/ro/casino,
https://www.cloudbet.com/ko/casino/live/baccarat,/casino,ko,True,카지노,200,/ko/casino,
https://www.cloudbet.com/ja/casino/live/baccarat,/casino,ja,True,カジノ,200,/ja/casino,
https://www.cloudbet.com/th/casino/live/baccarat,/casino,th,True,คาสิโน,200,/th/casino,
https://www.cloudbet.com/vi/casino/live/baccarat,/casino,vi,True,Casino,200,/vi/casino,
https://www.cloudbet.com/en/casino/live/blackjack,/casino,en,True,Casino,200,/en/casino,
https://www.cloudbet.com/en/casino/live/blackjack,/casino,en,True,Casino,200,/en/casino,
https://www.cloudbet.com/es/casino/live/blackjack,/casino,es,True,Casino,200,/es/casino,
https://www.cloudbet.com/de/casino/live/blackjack,/casino,de,True,Casino,200,/de/casino,
https://www.cloudbet.com/it/casino/live/blackjack,/casino,it,True,Casinò,200,/it/casino,
https://www.cloudbet.com/fr/casino/live/blackjack,/casino,fr,True,Casino,200,/fr/casino,
https://www.cloudbet.com/sv/casino/live/blackjack,/casino,sv,True,Casino,200,/sv/casino,
https://www.cloudbet.com/hu/casino/live/blackjack,/casino,hu,True,Kaszinó,200,/hu/casino,
https://www.cloudbet.com/tr/casino/live/blackjack,/casino,tr,True,Casino,200,/tr/casino,
https://www.cloudbet.com/pl/casino/live/blackjack,/casino,pl,True,Kasyno,200,/pl/casino,
https://www.cloudbet.com/pt-br/casino/live/blackjack,/casino,pt-br,True,Cassino,200,/pt-br/casino,
https://www.cloudbet.com/ru/casino/live/blackjack,/casino,ru,True,Казино,200,/ru/casino,
https://www.cloudbet.com/ro/casino/live/blackjack,/casino,ro,True,Cazino,200,/ro/casino,
https://www.cloudbet.com/ko/casino/live/blackjack,/casino,ko,True,카지노,200,/ko/casino,
https://www.cloudbet.com/ja/casino/live/blackjack,/casino,ja,True,カジノ,200,/ja/casino,
https://www.cloudbet.com/th/casino/live/blackjack,/casino,th,True,คาสิโน,200,/th/casino,
https://www.cloudbet.com/vi/casino/live/blackjack,/casino,vi,True,Casino,200,/vi/casino,
https://www.cloudbet.com/en/casino/live/table_games,/casino,en,True,Casino,200,/en/casino,
https://www.cloudbet.com/en/casino/live/table_games,/casino,en,True,Casino,200,/en/casino,
https://www.cloudbet.com/es/casino/live/table_games,/casino,es,True,Casino,200,/es/casino,
https://www.cloudbet.com/de/casino/live/table_games,/casino,de,True,Casino,200,/de/casino,
https://www.cloudbet.com/it/casino/live/table_games,/casino,it,True,Casinò,200,/it/casino,
https://www.cloudbet.com/fr/casino/live/table_games,/casino,fr,True,Casino,200,/fr/casino,
https://www.cloudbet.com/sv/casino/live/table_games,/casino,sv,True,Casino,200,/sv/casino,
https://www.cloudbet.com/hu/casino/live/table_games,/casino,hu,True,Kaszinó,200,/hu/casino,
https://www.cloudbet.com/tr/casino/live/table_games,/casino,tr,True,Casino,200,/tr/casino,
https://www.cloudbet.com/pl/casino/live/table_games,/casino,pl,True,Kasyno,200,/pl/casino,
https://www.cloudbet.com/pt-br/casino/live/table_games,/casino,pt-br,True,Cassino,200,/pt-br/casino,
https://www.cloudbet.com/ru/casino/live/table_games,/casino,ru,True,Казино,200,/ru/casino,
https://www.cloudbet.com/ro/casino/live/table_games,/casino,ro,True,Cazino,200,/ro/casino,
https://www.cloudbet.com/ko/casino/live/table_games,/casino,ko,True,카지노,200,/ko/casino,
https://www.cloudbet.com/ja/casino/live/table_games,/casino,ja,True,カジノ,200,/ja/casino,
https://www.cloudbet.com/th/casino/live/table_games,/casino,th,True,คาสิโน,200,/th/casino,
https://www.cloudbet.com/vi/casino/live/table_games,/casino,vi,True,Casino,200,/vi/casino,
https://www.cloudbet.com/en/casino/live/roulette,/casino,en,True,Casino,200,/en/casino,
https://www.cloudbet.com/en/casino/[...slug],/casino,en,True,Casino,200,/en/casino,
https://www.cloudbet.com/es/casino/[...slug],/casino,es,True,Casino,200,/es/casino,
https://www.cloudbet.com/de/casino/[...slug],/casino,de,True,Casino,200,/de/casino,
https://www.cloudbet.com/it/casino/[...slug],/casino,it,True,Casinò,200,/it/casino,
https://www.cloudbet.com/fr/casino/[...slug],/casino,fr,True,Casino,200,/fr/casino,
https://www.cloudbet.com/sv/casino/[...slug],/casino,sv,True,Casino,200,/sv/casino,
https://www.cloudbet.com/hu/casino/[...slug],/casino,hu,True,Kaszinó,200,/hu/casino,
https://www.cloudbet.com/tr/casino/[...slug],/casino,tr,True,Casino,200,/tr/casino,
https://www.cloudbet.com/pl/casino/[...slug],/casino,pl,True,Kasyno,200,/pl/casino,
https://www.cloudbet.com/pt-br/casino/[...slug],/casino,pt-br,True,Cassino,200,/pt-br/casino,
https://www.cloudbet.com/ru/casino/[...slug],/casino,ru,True,Казино,200,/ru/casino,
https://www.cloudbet.com/ro/casino/[...slug],/casino,ro,True,Cazino,200,/ro/casino,
https://www.cloudbet.com/ko/casino/[...slug],/casino,ko,True,카지노,200,/ko/casino,
https://www.cloudbet.com/ja/casino/[...slug],/casino,ja,True,カジノ,200,/ja/casino,
https://www.cloudbet.com/th/casino/[...slug],/casino,th,True,คาสิโน,200,/th/casino,
https://www.cloudbet.com/vi/casino/[...slug],/casino,vi,True,Casino,200,/vi/casino,
https://www.cloudbet.com/en/casino/provably-fair,/casino,en,True,Casino,200,/en/casino,
https://www.cloudbet.com/en/casino/provably-fair-calculator,/casino,en,True,Casino,200,/en/casino,
https://www.cloudbet.com/es/casino/provably-fair-calculator,/casino,es,True,Casino,200,/es/casino,
https://www.cloudbet.com/de/casino/provably-fair-calculator,/casino,de,True,Casino,200,/de/casino,
https://www.cloudbet.com/it/casino/provably-fair-calculator,/casino,it,True,Casinò,200,/it/casino,
https://www.cloudbet.com/fr/casino/provably-fair-calculator,/casino,fr,True,Casino,200,/fr/casino,
https://www.cloudbet.com/sv/casino/provably-fair-calculator,/casino,sv,True,Casino,200,/sv/casino,
https://www.cloudbet.com/hu/casino/provably-fair-calculator,/casino,hu,True,Kaszinó,200,/hu/casino,
https://www.cloudbet.com/tr/casino/provably-fair-calculator,/casino,tr,True,Casino,200,/tr/casino,
https://www.cloudbet.com/pl/casino/provably-fair-calculator,/casino,pl,True,Kasyno,200,/pl/casino,
https://www.cloudbet.com/pt-br/casino/provably-fair-calculator,/casino,pt-br,True,Cassino,200,/pt-br/casino,
https://www.cloudbet.com/ru/casino/provably-fair-calculator,/casino,ru,True,Казино,200,/ru/casino,
https://www.cloudbet.com/ro/casino/provably-fair-calculator,/casino,ro,True,Cazino,200,/ro/casino,
https://www.cloudbet.com/ko/casino/provably-fair-calculator,/casino,ko,True,카지노,200,/ko/casino,
https://www.cloudbet.com/ja/casino/provably-fair-calculator,/casino,ja,True,カジノ,200,/ja/casino,
https://www.cloudbet.com/th/casino/provably-fair-calculator,/casino,th,True,คาสิโน,200,/th/casino,
https://www.cloudbet.com/vi/casino/provably-fair-calculator,/casino,vi,True,Casino,200,/vi/casino,
https://www.cloudbet.com/en/casino/studios/evolution,/casino,en,True,Casino,200,/en/casino,
https://www.cloudbet.com/en/casino/studios/evolution,/casino,en,True,Casino,200,/en/casino,
https://www.cloudbet.com/es/casino/studios/evolution,/casino,es,True,Casino,200,/es/casino,
https://www.cloudbet.com/de/casino/studios/evolution,/casino,de,True,Casino,200,/de/casino,
https://www.cloudbet.com/it/casino/studios/evolution,/casino,it,True,Casinò,200,/it/casino,
https://www.cloudbet.com/fr/casino/studios/evolution,/casino,fr,True,Casino,200,/fr/casino,
https://www.cloudbet.com/sv/casino/studios/evolution,/casino,sv,True,Casino,200,/sv/casino,
https://www.cloudbet.com/hu/casino/studios/evolution,/casino,hu,True,Kaszinó,200,/hu/casino,
https://www.cloudbet.com/tr/casino/studios/evolution,/casino,tr,True,Casino,200,/tr/casino,
https://www.cloudbet.com/pl/casino/studios/evolution,/casino,pl,True,Kasyno,200,/pl/casino,
https://www.cloudbet.com/pt-br/casino/studios/evolution,/casino,pt-br,True,Cassino,200,/pt-br/casino,
https://www.cloudbet.com/ru/casino/studios/evolution,/casino,ru,True,Казино,200,/ru/casino,
https://www.cloudbet.com/ro/casino/studios/evolution,/casino,ro,True,Cazino,200,/ro/casino,
https://www.cloudbet.com/ko/casino/studios/evolution,/casino,ko,True,카지노,200,/ko/casino,
https://www.cloudbet.com/ja/casino/studios/evolution,/casino,ja,True,カジノ,200,/ja/casino,
https://www.cloudbet.com/th/casino/studios/evolution,/casino,th,True,คาสิโน,200,/th/casino,
https://www.cloudbet.com/vi/casino/studios/evolution,/casino,vi,True,Casino,200,/vi/casino,
https://www.cloudbet.com/en/casino/studios/hacksawgaming,/casino,en,True,Casino,200,/en/casino,
https://www.cloudbet.com/en/casino/[...slug],/casino,en,True,Casino,200,/en/casino,
https://www.cloudbet.com/es/casino/[...slug],/casino,es,True,Casino,200,/es/casino,
https://www.cloudbet.com/de/casino/[...slug],/casino,de,True,Casino,200,/de/casino,
https://www.cloudbet.com/it/casino/[...slug],/casino,it,True,Casinò,200,/it/casino,
https://www.cloudbet.com/fr/casino/[...slug],/casino,fr,True,Casino,200,/fr/casino,
https://www.cloudbet.com/sv/casino/[...slug],/casino,sv,True,Casino,200,/sv/casino,
https://www.cloudbet.com/hu/casino/[...slug],/casino,hu,True,Kaszinó,200,/hu/casino,
https://www.cloudbet.com/tr/casino/[...slug],/casino,tr,True,Casino,200,/tr/casino,
https://www.cloudbet.com/pl/casino/[...slug],/casino,pl,True,Kasyno,200,/pl/casino,
https://www.cloudbet.com/pt-br/casino/[...slug],/casino,pt-br,True,Cassino,200,/pt-br/casino,
https://www.cloudbet.com/ru/casino/[...slug],/casino,ru,True,Казино,200,/ru/casino,
https://www.cloudbet.com/ro/casino/[...slug],/casino,ro,True,Cazino,200,/ro/casino,
https://www.cloudbet.com/ko/casino/[...slug],/casino,ko,True,카지노,200,/ko/casino,
https://www.cloudbet.com/ja/casino/[...slug],/casino,ja,True,カジノ,200,/ja/casino,
https://www.cloudbet.com/th/casino/[...slug],/casino,th,True,คาสิโน,200,/th/casino,
https://www.cloudbet.com/vi/casino/[...slug],/casino,vi,True,Casino,200,/vi/casino,
https://www.cloudbet.com/en/casino/studios/pragmaticplay,/casino,en,True,Casino,200,/en/casino,
https://www.cloudbet.com/en/casino/studios/pragmaticplay,/casino,en,True,Casino,200,/en/casino,
https://www.cloudbet.com/es/casino/studios/pragmaticplay,/casino,es,True,Casino,200,/es/casino,
https://www.cloudbet.com/de/casino/studios/pragmaticplay,/casino,de,True,Casino,200,/de/casino,
https://www.cloudbet.com/it/casino/studios/pragmaticplay,/casino,it,True,Casinò,200,/it/casino,
https://www.cloudbet.com/fr/casino/studios/pragmaticplay,/casino,fr,True,Casino,200,/fr/casino,
https://www.cloudbet.com/sv/casino/studios/pragmaticplay,/casino,sv,True,Casino,200,/sv/casino,
https://www.cloudbet.com/hu/casino/studios/pragmaticplay,/casino,hu,True,Kaszinó,200,/hu/casino,
https://www.cloudbet.com/tr/casino/studios/pragmaticplay,/casino,tr,True,Casino,200,/tr/casino,
https://www.cloudbet.com/pl/casino/studios/pragmaticplay,/casino,pl,True,Kasyno,200,/pl/casino,
https://www.cloudbet.com/pt-br/casino/studios/pragmaticplay,/casino,pt-br,True,Cassino,200,/pt-br/casino,
https://www.cloudbet.com/ru/casino/studios/pragmaticplay,/casino,ru,True,Казино,200,/ru/casino,
https://www.cloudbet.com/ro/casino/studios/pragmaticplay,/casino,ro,True,Cazino,200,/ro/casino,
https://www.cloudbet.com/ko/casino/studios/pragmaticplay,/casino,ko,True,카지노,200,/ko/casino,
https://www.cloudbet.com/ja/casino/studios/pragmaticplay,/casino,ja,True,カジノ,200,/ja/casino,
https://www.cloudbet.com/th/casino/studios/pragmaticplay,/casino,th,True,คาสิโน,200,/th/casino,
https://www.cloudbet.com/vi/casino/studios/pragmaticplay,/casino,vi,True,Casino,200,/vi/casino,
https://www.cloudbet.com/en/sports/mma,/esports,en,True,Esports,200,/en/esports,
https://www.cloudbet.com/en/sports/mma,/esports,en,True,Esports,200,/en/esports,
https://www.cloudbet.com/es/sports/mma,/esports,es,True,Deportes electrónicos,200,/es/esports,
https://www.cloudbet.com/de/sports/mma,/esports,de,True,eSport,200,/de/esports,
https://www.cloudbet.com/it/sports/mma,/esports,it,True,E-sport,200,/it/esports,
https://www.cloudbet.com/fr/sports/mma,/esports,fr,True,eSport,200,/fr/esports,
https://www.cloudbet.com/sv/sports/mma,/esports,sv,True,E-sport,200,/sv/esports,
https://www.cloudbet.com/hu/sports/mma,/esports,hu,True,E-sportok,200,/hu/esports,
https://www.cloudbet.com/tr/sports/mma,/esports,tr,True,E-Spor,200,/tr/esports,
https://www.cloudbet.com/pl/sports/mma,/esports,pl,True,E-Sport,200,/pl/esports,
https://www.cloudbet.com/pt-br/sports/mma,/esports,pt-br,True,eSports,200,/pt-br/esports,
https://www.cloudbet.com/ru/sports/mma,/esports,ru,True,Киберспорт,200,/ru/esports,
https://www.cloudbet.com/ro/sports/mma,/esports,ro,True,E-Sporturi,200,/ro/esports,
https://www.cloudbet.com/ko/sports/mma,/esports,ko,True,e스포츠,200,/ko/esports,
https://www.cloudbet.com/ja/sports/mma,/esports,ja,True,eスポーツ,200,/ja/esports,
https://www.cloudbet.com/th/sports/mma,/esports,th,True,อีสปอร์ต,200,/th/esports,
https://www.cloudbet.com/vi/sports/mma,/esports,vi,True,Thể thao điện tử,200,/vi/esports,
https://www.cloudbet.com/en/sports/virtuals,/esports,en,True,Esports,200,/en/esports,
https://www.cloudbet.com/en/sports,/esports,en,True,Esports,200,/en/esports,
https://www.cloudbet.com/en/sports,/esports,en,True,Esports,200,/en/esports,
https://www.cloudbet.com/es/sports,/esports,es,True,Deportes electrónicos,200,/es/esports,
https://www.cloudbet.com/de/sports,/esports,de,True,eSport,200,/de/esports,
https://www.cloudbet.com/it/sports,/esports,it,True,E-sport,200,/it/esports,
https://www.cloudbet.com/fr/sports,/esports,fr,True,eSport,200,/fr/esports,
https://www.cloudbet.com/sv/sports,/esports,sv,True,E-sport,200,/sv/esports,
https://www.cloudbet.com/hu/sports,/esports,hu,True,E-sportok,200,/hu/esports,
https://www.cloudbet.com/tr/sports,/esports,tr,True,E-Spor,200,/tr/esports,
https://www.cloudbet.com/pl/sports,/esports,pl,True,E-Sport,200,/pl/esports,
https://www.cloudbet.com/pt-br/sports,/esports,pt-br,True,eSports,200,/pt-br/esports,
https://www.cloudbet.com/ru/sports,/esports,ru,True,Киберспорт,200,/ru/esports,
https://www.cloudbet.com/ro/sports,/esports,ro,True,E-Sporturi,200,/ro/esports,
https://www.cloudbet.com/ko/sports,/esports,ko,True,e스포츠,200,/ko/esports,
https://www.cloudbet.com/ja/sports,/esports,ja,True,eスポーツ,200,/ja/esports,
https://www.cloudbet.com/th/sports,/esports,th,True,อีสปอร์ต,200,/th/esports,
https://www.cloudbet.com/vi/sports,/esports,vi,True,Thể thao điện tử,200,/vi/esports,
https://www.cloudbet.com/en/esports/esport-warcraft,/esports,en,True,Esports,200,/en/esports,
https://www.cloudbet.com/en/esports/esport-warcraft,/esports,en,True,Esports,200,/en/esports,
https://www.cloudbet.com/es/esports/esport-warcraft,/esports,es,True,Deportes electrónicos,200,/es/esports,
https://www.cloudbet.com/de/esports/esport-warcraft,/esports,de,True,eSport,200,/de/esports,
https://www.cloudbet.com/it/esports/esport-warcraft,/esports,it,True,E-sport,200,/it/esports,
https://www.cloudbet.com/fr/esports/esport-warcraft,/esports,fr,True,eSport,200,/fr/esports,
https://www.cloudbet.com/sv/esports/esport-warcraft,/esports,sv,True,E-sport,200,/sv/esports,
https://www.cloudbet.com/hu/esports/esport-warcraft,/esports,hu,True,E-sportok,200,/hu/esports,
https://www.cloudbet.com/tr/esports/esport-warcraft,/esports,tr,True,E-Spor,200,/tr/esports,
https://www.cloudbet.com/pl/esports/esport-warcraft,/esports,pl,True,E-Sport,200,/pl/esports,
https://www.cloudbet.com/pt-br/esports/esport-warcraft,/esports,pt-br,True,eSports,200,/pt-br/esports,
https://www.cloudbet.com/ru/esports/esport-warcraft,/esports,ru,True,Киберспорт,200,/ru/esports,
https://www.cloudbet.com/ro/esports/esport-warcraft,/esports,ro,True,E-Sporturi,200,/ro/esports,
https://www.cloudbet.com/ko/esports/esport-warcraft,/esports,ko,True,e스포츠,200,/ko/esports,
https://www.cloudbet.com/ja/esports/esport-warcraft,/esports,ja,True,eスポーツ,200,/ja/esports,
https://www.cloudbet.com/th/esports/esport-warcraft,/esports,th,True,อีสปอร์ต,200,/th/esports,
https://www.cloudbet.com/vi/esports/esport-warcraft,/esports,vi,True,Thể thao điện tử,200,/vi/esports,
https://www.cloudbet.com/en/sports/squash,/esports,en,True,Esports,200,/en/esports,
https://www.cloudbet.com/en/sports/squash,/esports,en,True,Esports,200,/en/esports,
https://www.cloudbet.com/es/sports/squash,/esports,es,True,Deportes electrónicos,200,/es/esports,
https://www.cloudbet.com/de/sports/squash,/esports,de,True,eSport,200,/de/esports,
https://www.cloudbet.com/it/sports/squash,/esports,it,True,E-sport,200,/it/esports,
https://www.cloudbet.com/fr/sports/squash,/esports,fr,True,eSport,200,/fr/esports,
https://www.cloudbet.com/sv/sports/squash,/esports,sv,True,E-sport,200,/sv/esports,
https://www.cloudbet.com/hu/sports/squash,/esports,hu,True,E-sportok,200,/hu/esports,
https://www.cloudbet.com/tr/sports/squash,/esports,tr,True,E-Spor,200,/tr/esports,
https://www.cloudbet.com/pl/sports/squash,/esports,pl,True,E-Sport,200,/pl/esports,
https://www.cloudbet.com/pt-br/sports/squash,/esports,pt-br,True,eSports,200,/pt-br/esports,
https://www.cloudbet.com/ru/sports/squash,/esports,ru,True,Киберспорт,200,/ru/esports,
https://www.cloudbet.com/ro/sports/squash,/esports,ro,True,E-Sporturi,200,/ro/esports,
https://www.cloudbet.com/ko/sports/squash,/esports,ko,True,e스포츠,200,/ko/esports,
https://www.cloudbet.com/ja/sports/squash,/esports,ja,True,eスポーツ,200,/ja/esports,
https://www.cloudbet.com/th/sports/squash,/esports,th,True,อีสปอร์ต,200,/th/esports,
https://www.cloudbet.com/vi/sports/squash,/esports,vi,True,Thể thao điện tử,200,/vi/esports,
https://www.cloudbet.com/en/sports/snooker,/esports,en,True,Esports,200,/en/esports,
https://www.cloudbet.com/en/sports/snooker,/esports,en,True,Esports,200,/en/esports,
https://www.cloudbet.com/es/sports/snooker,/esports,es,True,Deportes electrónicos,200,/es/esports,
https://www.cloudbet.com/de/sports/snooker,/esports,de,True,eSport,200,/de/esports,
https://www.cloudbet.com/it/sports/snooker,/esports,it,True,E-sport,200,/it/esports,
https://www.cloudbet.com/fr/sports/snooker,/esports,fr,True,eSport,200,/fr/esports,
https://www.cloudbet.com/sv/sports/snooker,/esports,sv,True,E-sport,200,/sv/esports,
https://www.cloudbet.com/hu/sports/snooker,/esports,hu,True,E-sportok,200,/hu/esports,
https://www.cloudbet.com/tr/sports/snooker,/esports,tr,True,E-Spor,200,/tr/esports,
https://www.cloudbet.com/pl/sports/snooker,/esports,pl,True,E-Sport,200,/pl/esports,
https://www.cloudbet.com/pt-br/sports/snooker,/esports,pt-br,True,eSports,200,/pt-br/esports,
https://www.cloudbet.com/ru/sports/snooker,/esports,ru,True,Киберспорт,200,/ru/esports,
https://www.cloudbet.com/ro/sports/snooker,/esports,ro,True,E-Sporturi,200,/ro/esports,
https://www.cloudbet.com/ko/sports/snooker,/esports,ko,True,e스포츠,200,/ko/esports,
https://www.cloudbet.com/ja/sports/snooker,/esports,ja,True,eスポーツ,200,/ja/esports,
https://www.cloudbet.com/th/sports/snooker,/esports,th,True,อีสปอร์ต,200,/th/esports,
https://www.cloudbet.com/vi/sports/snooker,/esports,vi,True,Thể thao điện tử,200,/vi/esports,
https://www.cloudbet.com/en/sports/motorsport,/esports,en,True,Esports,200,/en/esports,
https://www.cloudbet.com/en/sports/motorsport,/esports,en,True,Esports,200,/en/esports,
https://www.cloudbet.com/es/sports/motorsport,/esports,es,True,Deportes electrónicos,200,/es/esports,
https://www.cloudbet.com/de/sports/motorsport,/esports,de,True,eSport,200,/de/esports,
https://www.cloudbet.com/it/sports/motorsport,/esports,it,True,E-sport,200,/it/esports,
https://www.cloudbet.com/fr/sports/motorsport,/esports,fr,True,eSport,200,/fr/esports,
https://www.cloudbet.com/sv/sports/motorsport,/esports,sv,True,E-sport,200,/sv/esports,
https://www.cloudbet.com/hu/sports/motorsport,/esports,hu,True,E-sportok,200,/hu/esports,
https://www.cloudbet.com/tr/sports/motorsport,/esports,tr,True,E-Spor,200,/tr/esports,
https://www.cloudbet.com/pl/sports/motorsport,/esports,pl,True,E-Sport,200,/pl/esports,
https://www.cloudbet.com/pt-br/sports/motorsport,/esports,pt-br,True,eSports,200,/pt-br/esports,
https://www.cloudbet.com/ru/sports/motorsport,/esports,ru,True,Киберспорт,200,/ru/esports,
https://www.cloudbet.com/ro/sports/motorsport,/esports,ro,True,E-Sporturi,200,/ro/esports,
https://www.cloudbet.com/ko/sports/motorsport,/esports,ko,True,e스포츠,200,/ko/esports,
https://www.cloudbet.com/ja/sports/motorsport,/esports,ja,True,eスポーツ,200,/ja/esports,
https://www.cloudbet.com/th/sports/motorsport,/esports,th,True,อีสปอร์ต,200,/th/esports,
https://www.cloudbet.com/vi/sports/motorsport,/esports,vi,True,Thể thao điện tử,200,/vi/esports,
https://www.cloudbet.com/en/sports/mma,/sports,en,True,Sports,200,/en/sports,
https://www.cloudbet.com/en/sports/mma,/sports,en,True,Sports,200,/en/sports,
https://www.cloudbet.com/es/sports/mma,/sports,es,True,Deportes,200,/es/sports,
https://www.cloudbet.com/de/sports/mma,/sports,de,True,Sport,200,/de/sports,
https://www.cloudbet.com/it/sports/mma,/sports,it,True,Sport,200,/it/sports,
https://www.cloudbet.com/fr/sports/mma,/sports,fr,True,Sports,200,/fr/sports,
https://www.cloudbet.com/sv/sports/mma,/sports,sv,True,Sport,200,/sv/sports,
https://www.cloudbet.com/hu/sports/mma,/sports,hu,True,Sportok,200,/hu/sports,
https://www.cloudbet.com/tr/sports/mma,/sports,tr,True,Spor,200,/tr/sports,
https://www.cloudbet.com/pl/sports/mma,/sports,pl,True,Sport,200,/pl/sports,
https://www.cloudbet.com/pt-br/sports/mma,/sports,pt-br,True,Esportes,200,/pt-br/sports,
https://www.cloudbet.com/ru/sports/mma,/sports,ru,True,Спорт,200,/ru/sports,
https://www.cloudbet.com/ro/sports/mma,/sports,ro,True,Sporturi,200,/ro/sports,
https://www.cloudbet.com/ko/sports/mma,/sports,ko,True,스포츠,200,/ko/sports,
https://www.cloudbet.com/ja/sports/mma,/sports,ja,True,スポーツ,200,/ja/sports,
https://www.cloudbet.com/th/sports/mma,/sports,th,True,กีฬา,200,/th/sports,
https://www.cloudbet.com/vi/sports/mma,/sports,vi,True,Thể thao,200,/vi/sports,
https://www.cloudbet.com/en/sports/olympics,/sports,en,True,Sports,200,/en/sports,
https://www.cloudbet.com/en/sports/olympics,/sports,en,True,Sports,200,/en/sports,
https://www.cloudbet.com/es/sports/olympics,/sports,es,True,Deportes,200,/es/sports,
https://www.cloudbet.com/de/sports/olympics,/sports,de,True,Sport,200,/de/sports,
https://www.cloudbet.com/it/sports/olympics,/sports,it,True,Sport,200,/it/sports,
https://www.cloudbet.com/fr/sports/olympics,/sports,fr,True,Sports,200,/fr/sports,
https://www.cloudbet.com/sv/sports/olympics,/sports,sv,True,Sport,200,/sv/sports,
https://www.cloudbet.com/hu/sports/olympics,/sports,hu,True,Sportok,200,/hu/sports,
https://www.cloudbet.com/tr/sports/olympics,/sports,tr,True,Spor,200,/tr/sports,
https://www.cloudbet.com/pl/sports/olympics,/sports,pl,True,Sport,200,/pl/sports,
https://www.cloudbet.com/pt-br/sports/olympics,/sports,pt-br,True,Esportes,200,/pt-br/sports,
https://www.cloudbet.com/ru/sports/olympics,/sports,ru,True,Спорт,200,/ru/sports,
https://www.cloudbet.com/ro/sports/olympics,/sports,ro,True,Sporturi,200,/ro/sports,
https://www.cloudbet.com/ko/sports/olympics,/sports,ko,True,스포츠,200,/ko/sports,
https://www.cloudbet.com/ja/sports/olympics,/sports,ja,True,スポーツ,200,/ja/sports,
https://www.cloudbet.com/th/sports/olympics,/sports,th,True,กีฬา,200,/th/sports,
https://www.cloudbet.com/vi/sports/olympics,/sports,vi,True,Thể thao,200,/vi/sports,
https://www.cloudbet.com/en/sports/virtuals,/sports,en,,,404,,page fetch failed
https://www.cloudbet.com/en/esports,/sports,en,True,Sports,200,/en/sports,
https://www.cloudbet.com/en/esports,/sports,en,True,Sports,200,/en/sports,
https://www.cloudbet.com/es/esports,/sports,es,True,Deportes,200,/es/sports,
https://www.cloudbet.com/de/esports,/sports,de,True,Sport,200,/de/sports,
https://www.cloudbet.com/it/esports,/sports,it,True,Sport,200,/it/sports,
https://www.cloudbet.com/fr/esports,/sports,fr,True,Sports,200,/fr/sports,
https://www.cloudbet.com/sv/esports,/sports,sv,True,Sport,200,/sv/sports,
https://www.cloudbet.com/hu/esports,/sports,hu,True,Sportok,200,/hu/sports,
https://www.cloudbet.com/tr/esports,/sports,tr,True,Spor,200,/tr/sports,
https://www.cloudbet.com/pl/esports,/sports,pl,True,Sport,200,/pl/sports,
https://www.cloudbet.com/pt-br/esports,/sports,pt-br,True,Esportes,200,/pt-br/sports,
https://www.cloudbet.com/ru/esports,/sports,ru,True,Спорт,200,/ru/sports,
https://www.cloudbet.com/ro/esports,/sports,ro,True,Sporturi,200,/ro/sports,
https://www.cloudbet.com/ko/esports,/sports,ko,True,스포츠,200,/ko/sports,
https://www.cloudbet.com/ja/esports,/sports,ja,True,スポーツ,200,/ja/sports,
https://www.cloudbet.com/th/esports,/sports,th,True,กีฬา,200,/th/sports,
https://www.cloudbet.com/vi/esports,/sports,vi,True,Thể thao,200,/vi/sports,
https://www.cloudbet.com/en/sports/american-football/usa-nfl,/sports,en,True,Sports,200,/en/sports,
https://www.cloudbet.com/en/sports/american-football/usa-nfl,/sports,en,True,Sports,200,/en/sports,
https://www.cloudbet.com/es/sports/american-football/usa-nfl,/sports,es,True,Deportes,200,/es/sports,
https://www.cloudbet.com/de/sports/american-football/usa-nfl,/sports,de,True,Sport,200,/de/sports,
https://www.cloudbet.com/it/sports/american-football/usa-nfl,/sports,it,True,Sport,200,/it/sports,
https://www.cloudbet.com/fr/sports/american-football/usa-nfl,/sports,fr,True,Sports,200,/fr/sports,
https://www.cloudbet.com/sv/sports/american-football/usa-nfl,/sports,sv,True,Sport,200,/sv/sports,
https://www.cloudbet.com/hu/sports/american-football/usa-nfl,/sports,hu,True,Sportok,200,/hu/sports,
https://www.cloudbet.com/tr/sports/american-football/usa-nfl,/sports,tr,True,Spor,200,/tr/sports,
https://www.cloudbet.com/pl/sports/american-football/usa-nfl,/sports,pl,True,Sport,200,/pl/sports,
https://www.cloudbet.com/pt-br/sports/american-football/usa-nfl,/sports,pt-br,True,Esportes,200,/pt-br/sports,
https://www.cloudbet.com/ru/sports/american-football/usa-nfl,/sports,ru,True,Спорт,200,/ru/sports,
https://www.cloudbet.com/ro/sports/american-football/usa-nfl,/sports,ro,True,Sporturi,200,/ro/sports,
https://www.cloudbet.com/ko/sports/american-football/usa-nfl,/sports,ko,True,스포츠,200,/ko/sports,
https://www.cloudbet.com/ja/sports/american-football/usa-nfl,/sports,ja,True,スポーツ,200,/ja/sports,
https://www.cloudbet.com/th/sports/american-football/usa-nfl,/sports,th,True,กีฬา,200,/th/sports,
https://www.cloudbet.com/vi/sports/american-football/usa-nfl,/sports,vi,True,Thể thao,200,/vi/sports,
https://www.cloudbet.com/en/sports/aussie-rules/australia-afl,/sports,en,True,Sports,200,/en/sports,
https://www.cloudbet.com/en/sports/baseball/japan-t903c-npb,/sports,en,True,Sports,200,/en/sports,
https://www.cloudbet.com/en/sports/baseball/japan-t903c-npb,/sports,en,True,Sports,200,/en/sports,
https://www.cloudbet.com/es/sports/baseball/japan-t903c-npb,/sports,es,True,Deportes,200,/es/sports,
https://www.cloudbet.com/de/sports/baseball/japan-t903c-npb,/sports,de,True,Sport,200,/de/sports,
https://www.cloudbet.com/it/sports/baseball/japan-t903c-npb,/sports,it,True,Sport,200,/it/sports,
https://www.cloudbet.com/fr/sports/baseball/japan-t903c-npb,/sports,fr,True,Sports,200,/fr/sports,
https://www.cloudbet.com/sv/sports/baseball/japan-t903c-npb,/sports,sv,True,Sport,200,/sv/sports,
https://www.cloudbet.com/hu/sports/baseball/japan-t903c-npb,/sports,hu,True,Sportok,200,/hu/sports,
https://www.cloudbet.com/tr/sports/baseball/japan-t903c-npb,/sports,tr,True,Spor,200,/tr/sports,
https://www.cloudbet.com/pl/sports/baseball/japan-t903c-npb,/sports,pl,True,Sport,200,/pl/sports,
https://www.cloudbet.com/pt-br/sports/baseball/japan-t903c-npb,/sports,pt-br,True,Esportes,200,/pt-br/sports,
https://www.cloudbet.com/ru/sports/baseball/japan-t903c-npb,/sports,ru,True,Спорт,200,/ru/sports,
https://www.cloudbet.com/ro/sports/baseball/japan-t903c-npb,/sports,ro,True,Sporturi,200,/ro/sports,
https://www.cloudbet.com/ko/sports/baseball/japan-t903c-npb,/sports,ko,True,스포츠,200,/ko/sports,
https://www.cloudbet.com/ja/sports/baseball/japan-t903c-npb,/sports,ja,True,スポーツ,200,/ja/sports,
https://www.cloudbet.com/th/sports/baseball/japan-t903c-npb,/sports,th,True,กีฬา,200,/th/sports,
https://www.cloudbet.com/vi/sports/baseball/japan-t903c-npb,/sports,vi,True,Thể thao,200,/vi/sports,
https://www.cloudbet.com/en/sports/mma/international-pfl,/sports,en,True,Sports,200,/en/sports,
https://www.cloudbet.com/en/sports/soccer/england-fa-cup,/sports,en,True,Sports,200,/en/sports,
https://www.cloudbet.com/en/sports/soccer/england-fa-cup,/sports,en,True,Sports,200,/en/sports,
https://www.cloudbet.com/es/sports/soccer/england-fa-cup,/sports,es,True,Deportes,200,/es/sports,
https://www.cloudbet.com/de/sports/soccer/england-fa-cup,/sports,de,True,Sport,200,/de/sports,
https://www.cloudbet.com/it/sports/soccer/england-fa-cup,/sports,it,True,Sport,200,/it/sports,
https://www.cloudbet.com/fr/sports/soccer/england-fa-cup,/sports,fr,True,Sports,200,/fr/sports,
https://www.cloudbet.com/sv/sports/soccer/england-fa-cup,/sports,sv,True,Sport,200,/sv/sports,
https://www.cloudbet.com/hu/sports/soccer/england-fa-cup,/sports,hu,True,Sportok,200,/hu/sports,
https://www.cloudbet.com/tr/sports/soccer/england-fa-cup,/sports,tr,True,Spor,200,/tr/sports,
https://www.cloudbet.com/pl/sports/soccer/england-fa-cup,/sports,pl,True,Sport,200,/pl/sports,
https://www.cloudbet.com/pt-br/sports/soccer/england-fa-cup,/sports,pt-br,True,Esportes,200,/pt-br/sports,
https://www.cloudbet.com/ru/sports/soccer/england-fa-cup,/sports,ru,True,Спорт,200,/ru/sports,
https://www.cloudbet.com/ro/sports/soccer/england-fa-cup,/sports,ro,True,Sporturi,200,/ro/sports,
https://www.cloudbet.com/ko/sports/soccer/england-fa-cup,/sports,ko,True,스포츠,200,/ko/sports,
https://www.cloudbet.com/ja/sports/soccer/england-fa-cup,/sports,ja,True,スポーツ,200,/ja/sports,
https://www.cloudbet.com/th/sports/soccer/england-fa-cup,/sports,th,True,กีฬา,200,/th/sports,
https://www.cloudbet.com/vi/sports/soccer/england-fa-cup,/sports,vi,True,Thể thao,200,/vi/sports,
https://www.cloudbet.com/en/sports/basketball/international-club-friendly-games,/sports,en,True,Sports,200,/en/sports,
https://www.cloudbet.com/en/sports/soccer/england-premier-league,/sports,en,True,Sports,200,/en/sports,
https://www.cloudbet.com/en/sports/soccer/england-premier-league,/sports,en,True,Sports,200,/en/sports,
https://www.cloudbet.com/es/sports/soccer/england-premier-league,/sports,es,True,Deportes,200,/es/sports,
https://www.cloudbet.com/de/sports/soccer/england-premier-league,/sports,de,True,Sport,200,/de/sports,
https://www.cloudbet.com/it/sports/soccer/england-premier-league,/sports,it,True,Sport,200,/it/sports,
https://www.cloudbet.com/fr/sports/soccer/england-premier-league,/sports,fr,True,Sports,200,/fr/sports,
https://www.cloudbet.com/sv/sports/soccer/england-premier-league,/sports,sv,True,Sport,200,/sv/sports,
https://www.cloudbet.com/hu/sports/soccer/england-premier-league,/sports,hu,True,Sportok,200,/hu/sports,
https://www.cloudbet.com/tr/sports/soccer/england-premier-league,/sports,tr,True,Spor,200,/tr/sports,
https://www.cloudbet.com/pl/sports/soccer/england-premier-league,/sports,pl,True,Sport,200,/pl/sports,
https://www.cloudbet.com/pt-br/sports/soccer/england-premier-league,/sports,pt-br,True,Esportes,200,/pt-br/sports,
https://www.cloudbet.com/ru/sports/soccer/england-premier-league,/sports,ru,True,Спорт,200,/ru/sports,
https://www.cloudbet.com/ro/sports/soccer/england-premier-league,/sports,ro,True,Sporturi,200,/ro/sports,
https://www.cloudbet.com/ko/sports/soccer/england-premier-league,/sports,ko,True,스포츠,200,/ko/sports,
https://www.cloudbet.com/ja/sports/soccer/england-premier-league,/sports,ja,True,スポーツ,200,/ja/sports,
https://www.cloudbet.com/th/sports/soccer/england-premier-league,/sports,th,True,กีฬา,200,/th/sports,
https://www.cloudbet.com/vi/sports/soccer/england-premier-league,/sports,vi,True,Thể thao,200,/vi/sports,
https://www.cloudbet.com/en/sports/tennis/atp-wimbledon-men-s-singles,/sports,en,True,Sports,200,/en/sports,
